DayOfYear,distanceMeters,totalTimeSeconds,Year,WeekOfYear_x,DateTime,Date,DistanceWeek,DistanceWeekKilometers,SecondsWeek,MinutesWeek,Weight,WeightChangeWeek,WeightStartWeek
1,4593,2183,2022,1,2022-01-01T17:26,2022-01-01,,,,,189.9,,189.9
2,8075,2878,2022,1,2022-01-02T09:34,2022-01-02,,,,,188.9,,
3,6463,2278,2022,1,2022-01-03T09:08,2022-01-03,,,,,189.1,,
4,8068,2928,2022,1,2022-01-04T16:59,2022-01-04,,,,,189.9,,
5,7645,2892,2022,1,2022-01-05T17:20,2022-01-05,,,,,190.2,,
6,2423,1089,2022,1,2022-01-06T18:45,2022-01-06,,,,,190.0,,
7,2693,1380,2022,1,2022-01-07T18:47,2022-01-07,39960,39.96,15628,260.47,189.4,-1.8,188.1
8,8097,2855,2022,2,2022-01-08T17:09,2022-01-08,,,,,188.1,,
9,4162,1915,2022,2,2022-01-09T17:49,2022-01-09,,,,,188.7,,
10,6000,2273,2022,2,2022-01-10T09:41,2022-01-10,,,,,187.7,,
11,8065,3153,2022,2,2022-01-11T16:14,2022-01-11,,,,,188.1,,
12,8096,2956,2022,2,2022-01-12T16:43,2022-01-12,,,,,187.7,,
13,8090,2995,2022,2,2022-01-13T16:38,2022-01-13,,,,,187.4,,
14,8509,3022,2022,2,2022-01-14T16:37,2022-01-14,51019,51.02,19169,319.48,187.4,-1.6,186.5
15,9727,3431,2022,3,2022-01-15T10:08,2022-01-15,,,,,186.5,,
16,9106,4438,2022,3,2022-01-16T16:13,2022-01-16,,,,,188.5,,
17,8183,2895,2022,3,2022-01-17T16:51,2022-01-17,,,,,187.6,,
18,8191,2940,2022,3,2022-01-18T16:00,2022-01-18,,,,,187.1,,
19,9716,3509,2022,3,2022-01-19T16:41,2022-01-19,,,,,186.8,,
20,9694,4796,2022,3,2022-01-20T16:35,2022-01-20,,,,,188.0,,
21,7227,2649,2022,3,2022-01-21T10:35,2022-01-21,61844,61.84,24658,410.97,186.6,0.4,186.9
22,4850,2261,2022,4,2022-01-22T18:28,2022-01-22,,,,,186.9,,
23,5000,2207,2022,4,2022-01-23T07:19,2022-01-23,,,,,187.2,,
24,2569,1094,2022,4,2022-01-24T13:56,2022-01-24,,,,,187.4,,
25,4828,2411,2022,4,2022-01-25T04:25,2022-01-25,,,,,187.7,,
26,4123,1881,2022,4,2022-01-26T16:55,2022-01-26,,,,,188.0,,
27,3124,1281,2022,4,2022-01-27T17:01,2022-01-27,,,,,188.3,,
28,6518,2701,2022,4,2022-01-28T16:40,2022-01-28,31012,31.01,13836,230.60,188.6,2.0,188.9
29,7000,2636,2022,5,2022-01-29T16:10,2022-01-29,,,,,188.9,,
30,2903,1094,2022,5,2022-01-30T06:45,2022-01-30,,,,,189.1,,
31,9667,4112,2022,5,2022-01-31T16:10,2022-01-31,,,,,189.4,,
32,9666,4484,2022,5,2022-02-01T15:02,2022-02-01,,,,,189.7,,
33,3244,1400,2022,5,2022-02-02T09:50,2022-02-02,,,,,190.0,,
34,9506,4642,2022,5,2022-02-03T16:00,2022-02-03,,,,,190.3,,
35,4850,2084,2022,5,2022-02-04T09:39,2022-02-04,46836,46.84,20452,340.87,190.6,2.0,190.8
36,2844,1499,2022,6,2022-02-05T22:31,2022-02-05,,,,,190.8,,
37,2696,1911,2022,6,2022-02-06T08:09,2022-02-06,,,,,191.1,,
38,5776,2178,2022,6,2022-02-07T17:26,2022-02-07,,,,,191.4,,
39,6803,2838,2022,6,2022-02-08T10:26,2022-02-08,,,,,189.7,,
40,4349,1957,2022,6,2022-02-09T17:59,2022-02-09,,,,,190.9,,
41,7017,2962,2022,6,2022-02-10T17:48,2022-02-10,,,,,189.2,,
42,3436,1552,2022,6,2022-02-11T19:10,2022-02-11,32921,32.92,14897,248.28,189.4,-1.2,189.6
43,4892,2301,2022,7,2022-02-12T18:04,2022-02-12,,,,,189.6,,
44,6501,2957,2022,7,2022-02-13T16:37,2022-02-13,,,,,190.0,,
45,8203,2939,2022,7,2022-02-14T16:54,2022-02-14,,,,,188.6,,
46,5618,9232,2022,7,2022-02-15T17:22,2022-02-15,,,,,188.9,,
47,8080,2960,2022,7,2022-02-16T17:22,2022-02-16,,,,,187.2,,
48,6518,3222,2022,7,2022-02-17T20:06,2022-02-17,,,,,187.4,,
49,3420,1397,2022,7,2022-02-18T17:55,2022-02-18,43232,43.23,25008,416.80,187.5,-3.8,185.8
50,8125,3089,2022,8,2022-02-19T17:42,2022-02-19,,,,,185.8,,
51,8114,2890,2022,8,2022-02-20T17:33,2022-02-20,,,,,186.4,,
52,8084,2971,2022,8,2022-02-21T17:25,2022-02-21,,,,,186.4,,
53,3239,1474,2022,8,2022-02-22T23:10,2022-02-22,,,,,187.1,,
54,8103,3708,2022,8,2022-02-23T08:57,2022-02-23,,,,,187.7,,
55,8168,2993,2022,8,2022-02-24T08:45,2022-02-24,,,,,188.4,,
56,6604,2456,2022,8,2022-02-25T08:49,2022-02-25,50437,50.44,19581,326.35,189.0,3.9,189.7
57,8073,2814,2022,9,2022-02-26T17:45,2022-02-26,,,,,189.7,,
58,8067,2711,2022,9,2022-02-27T17:22,2022-02-27,,,,,187.4,,
59,8074,2856,2022,9,2022-02-28T17:33,2022-02-28,,,,,187.3,,
60,8084,2887,2022,9,2022-03-01T09:50,2022-03-01,,,,,186.4,,
61,6509,2377,2022,9,2022-03-02T17:30,2022-03-02,,,,,188.6,,
62,8069,2992,2022,9,2022-03-03T09:14,2022-03-03,,,,,186.4,,
63,3318,1224,2022,9,2022-03-04T17:28,2022-03-04,50194,50.19,17861,297.68,187.2,-1.6,188.1
64,8096,2824,2022,10,2022-03-05T18:15,2022-03-05,,,,,188.1,,
65,8121,2829,2022,10,2022-03-06T17:22,2022-03-06,,,,,187.7,,
66,9718,3350,2022,10,2022-03-07T17:29,2022-03-07,,,,,185.7,,
67,8202,2851,2022,10,2022-03-08T17:48,2022-03-08,,,,,187.0,,
68,8096,2899,2022,10,2022-03-09T07:55,2022-03-09,,,,,185.4,,
69,8442,4083,2022,10,2022-03-10T17:21,2022-03-10,,,,,183.9,,
70,4672,2226,2022,10,2022-03-11T20:08,2022-03-11,55347,55.35,21062,351.03,185.9,-4.6,183.5
71,8136,3440,2022,11,2022-03-12T17:56,2022-03-12,,,,,183.5,,
72,8617,3620,2022,11,2022-03-13T17:48,2022-03-13,,,,,183.1,,
73,8610,3659,2022,11,2022-03-14T18:17,2022-03-14,,,,,182.9,,
74,8817,3685,2022,11,2022-03-15T16:00,2022-03-15,,,,,182.7,,
75,8928,3704,2022,11,2022-03-16T17:37,2022-03-16,,,,,182.6,,
76,12445,5237,2022,11,2022-03-17T12:21,2022-03-17,,,,,182.6,,
77,8632,3617,2022,11,2022-03-18T15:48,2022-03-18,64185,64.19,26962,449.37,182.9,-1.8,181.7
78,10194,4682,2022,12,2022-03-19T12:44,2022-03-19,,,,,181.7,,
79,11520,4208,2022,12,2022-03-20T07:40,2022-03-20,,,,,180.9,,
80,3227,1408,2022,12,2022-03-21T19:05,2022-03-21,,,,,181.2,,
81,8463,3650,2022,12,2022-03-22T07:58,2022-03-22,,,,,181.5,,
82,5632,2371,2022,12,2022-03-23T08:32,2022-03-23,,,,,181.8,,
83,4857,2128,2022,12,2022-03-24T08:29,2022-03-24,,,,,182.1,,
84,6688,2816,2022,12,2022-03-25T16:41,2022-03-25,50581,50.58,21263,354.38,182.4,1.0,182.7
85,6746,3140,2022,13,2022-03-26T17:08,2022-03-26,,,,,182.7,,
86,5260,2700,2022,13,2022-03-27T17:58,2022-03-27,,,,,183.0,,
87,6872,3517,2022,13,2022-03-28T16:43,2022-03-28,,,,,183.4,,
88,4377,1973,2022,13,2022-03-29T18:09,2022-03-29,,,,,183.7,,
89,4386,2016,2022,13,2022-03-30T16:41,2022-03-30,,,,,184.0,,
90,3632,1676,2022,13,2022-03-31T06:34,2022-03-31,,,,,184.3,,
91,4869,2350,2022,13,2022-04-01T08:46,2022-04-01,36142,36.14,17372,289.53,184.6,2.1,184.9
92,3655,1631,2022,14,2022-04-02T07:08,2022-04-02,,,,,184.9,,
93,1634,725,2022,14,2022-04-03T17:27,2022-04-03,,,,,185.2,,
94,8680,3734,2022,14,2022-04-04T18:00,2022-04-04,,,,,185.5,,
95,7000,3048,2022,14,2022-04-05T18:12,2022-04-05,,,,,185.8,,
96,8226,3645,2022,14,2022-04-06T16:08,2022-04-06,,,,,185.7,,
97,8506,4562,2022,14,2022-04-07T15:53,2022-04-07,,,,,185.5,,
98,8502,3905,2022,14,2022-04-08T17:32,2022-04-08,46203,46.20,21250,354.17,185.4,-1.2,183.7
99,7881,3657,2022,15,2022-04-09T16:42,2022-04-09,,,,,183.7,,
100,8504,4036,2022,15,2022-04-10T17:43,2022-04-10,,,,,185.1,,
101,8059,3653,2022,15,2022-04-11T17:03,2022-04-11,,,,,183.9,,
102,7082,3119,2022,15,2022-04-12T17:56,2022-04-12,,,,,183.9,,
103,8625,3824,2022,15,2022-04-13T17:34,2022-04-13,,,,,184.9,,
104,8500,4719,2022,15,2022-04-14T17:02,2022-04-14,,,,,182.8,,
105,7639,3789,2022,15,2022-04-15T17:34,2022-04-15,56290,56.29,26797,446.62,184.3,-1.8,181.9
106,538,265,2022,16,2022-04-16T07:49,2022-04-16,,,,,181.9,,
107,5227,2579,2022,16,2022-04-17T15:33,2022-04-17,,,,,184.2,,
108,5154,2361,2022,16,2022-04-18T18:17,2022-04-18,,,,,186.5,,
109,7574,3614,2022,16,2022-04-19T18:10,2022-04-19,,,,,185.4,,
110,9703,4438,2022,16,2022-04-20T19:13,2022-04-20,,,,,187.3,,
111,9814,4368,2022,16,2022-04-21T17:25,2022-04-21,,,,,185.2,,
112,9667,4510,2022,16,2022-04-22T16:45,2022-04-22,47677,47.68,22135,368.92,183.7,1.0,182.9
113,9714,4883,2022,17,2022-04-23T16:41,2022-04-23,,,,,182.9,,
114,9760,4587,2022,17,2022-04-24T15:37,2022-04-24,,,,,182.7,,
115,6549,3029,2022,17,2022-04-25T18:00,2022-04-25,,,,,185.1,,
116,10217,4564,2022,17,2022-04-26T10:53,2022-04-26,,,,,184.2,,
117,9832,4536,2022,17,2022-04-27T17:07,2022-04-27,,,,,185.6,,
118,10026,4377,2022,17,2022-04-28T18:06,2022-04-28,,,,,183.3,,
119,9814,4441,2022,17,2022-04-29T16:42,2022-04-29,65912,65.91,30417,506.95,183.9,0.3,183.2
120,8730,4039,2022,18,2022-04-30T17:32,2022-04-30,,,,,183.2,,
121,5840,2561,2022,18,2022-05-01T09:46,2022-05-01,,,,,183.4,,
122,10082,5014,2022,18,2022-05-02T06:22,2022-05-02,,,,,183.6,,
123,3632,1717,2022,18,2022-05-03T17:39,2022-05-03,,,,,183.7,,
124,11820,5210,2022,18,2022-05-04T15:28,2022-05-04,,,,,183.9,,
125,8067,3685,2022,18,2022-05-05T16:12,2022-05-05,,,,,183.5,,
126,8273,3735,2022,18,2022-05-06T17:01,2022-05-06,56444,56.44,25961,432.68,181.8,-0.9,182.3
127,8096,3755,2022,19,2022-05-07T16:37,2022-05-07,,,,,182.3,,
128,10057,4416,2022,19,2022-05-08T16:22,2022-05-08,,,,,181.3,,
129,6601,2903,2022,19,2022-05-09T18:41,2022-05-09,,,,,183.3,,
130,4043,1889,2022,19,2022-05-10T07:28,2022-05-10,,,,,183.5,,
131,9833,4448,2022,19,2022-05-11T15:14,2022-05-11,,,,,183.7,,
132,5000,2186,2022,19,2022-05-12T18:57,2022-05-12,,,,,183.8,,
133,8076,3739,2022,19,2022-05-13T17:56,2022-05-13,51706,51.71,23336,388.93,184.0,0.7,183.0
134,6339,2872,2022,20,2022-05-14T16:21,2022-05-14,,,,,183.0,,
135,3280,1395,2022,20,2022-05-15T10:33,2022-05-15,,,,,182.2,,
136,3351,1647,2022,20,2022-05-16T06:41,2022-05-16,,,,,183.4,,
137,4083,3186,2022,20,2022-05-17T17:11,2022-05-17,,,,,184.7,,
138,5014,2555,2022,20,2022-05-18T17:16,2022-05-18,,,,,185.9,,
139,6595,3365,2022,20,2022-05-19T17:28,2022-05-19,,,,,184.3,,
140,8065,3698,2022,20,2022-05-20T16:58,2022-05-20,36727,36.73,18718,311.97,183.6,-1.6,181.4
141,4303,2094,2022,21,2022-05-21T17:14,2022-05-21,,,,,181.4,,
142,3419,1601,2022,21,2022-05-22T18:24,2022-05-22,,,,,184.7,,
143,3227,1411,2022,21,2022-05-23T21:24,2022-05-23,,,,,184.7,,
144,4124,2045,2022,21,2022-05-24T07:17,2022-05-24,,,,,184.7,,
145,6000,2583,2022,21,2022-05-25T06:52,2022-05-25,,,,,184.8,,
146,9705,3412,2022,21,2022-05-26T09:23,2022-05-26,,,,,184.8,,
147,9533,3494,2022,21,2022-05-27T12:00,2022-05-27,40311,40.31,16640,277.33,184.8,3.4,184.8
148,9906,3528,2022,22,2022-05-28T12:23,2022-05-28,,,,,184.8,,
149,11341,4067,2022,22,2022-05-29T11:59,2022-05-29,,,,,184.8,,
150,11696,4311,2022,22,2022-05-30T10:28,2022-05-30,,,,,184.9,,
151,4426,7711,2022,22,2022-05-31T19:26,2022-05-31,,,,,184.9,,
152,8210,2929,2022,22,2022-06-01T07:07,2022-06-01,,,,,184.9,,
153,7052,2935,2022,22,2022-06-02T05:57,2022-06-02,,,,,185.8,,
154,6309,2909,2022,22,2022-06-03T17:33,2022-06-03,58940,58.94,28390,473.17,184.2,-0.4,184.4
155,8378,3951,2022,23,2022-06-04T17:32,2022-06-04,,,,,184.4,,
156,7038,2560,2022,23,2022-06-05T06:28,2022-06-05,,,,,184.5,,
157,3606,1662,2022,23,2022-06-06T06:47,2022-06-06,,,,,185.1,,
158,12056,4958,2022,23,2022-06-07T17:26,2022-06-07,,,,,185.6,,
159,10829,4176,2022,23,2022-06-08T06:39,2022-06-08,,,,,183.7,,
160,6284,2260,2022,23,2022-06-09T05:54,2022-06-09,,,,,182.9,,
161,5152,6389,2022,23,2022-06-10T06:45,2022-06-10,53343,53.34,25956,432.60,182.1,-0.5,183.9
162,8565,3968,2022,24,2022-06-11T11:19,2022-06-11,,,,,183.9,,
163,7674,3942,2022,24,2022-06-12T17:22,2022-06-12,,,,,185.8,,
164,6869,3094,2022,24,2022-06-13T17:42,2022-06-13,,,,,187.6,,
165,11455,4380,2022,24,2022-06-14T05:56,2022-06-14,,,,,185.3,,
166,5262,2449,2022,24,2022-06-15T17:55,2022-06-15,,,,,186.4,,
167,6519,2581,2022,24,2022-06-16T17:28,2022-06-16,,,,,185.4,,
168,726,773,2022,24,2022-06-17T13:39,2022-06-17,47070,47.07,21187,353.12,185.6,1.8,185.7
169,3456,2302,2022,25,2022-06-18T13:51,2022-06-18,,,,,185.7,,
170,875,684,2022,25,2022-06-19T11:50,2022-06-19,,,,,185.9,,
171,2763,2103,2022,25,2022-06-20T07:46,2022-06-20,,,,,186.0,,
172,1478,1714,2022,25,2022-06-21T15:57,2022-06-21,,,,,186.2,,
173,1719,1367,2022,25,2022-06-22T13:28,2022-06-22,,,,,186.3,,
174,2408,1750,2022,25,2022-06-23T21:50,2022-06-23,,,,,186.5,,
175,2000,1238,2022,25,2022-06-24T21:23,2022-06-24,14699,14.70,11158,185.97,186.6,1.1,186.8
176,4547,2461,2022,26,2022-06-25T21:05,2022-06-25,,,,,186.8,,
177,6268,3004,2022,26,2022-06-26T16:42,2022-06-26,,,,,185.7,,
178,5175,2440,2022,26,2022-06-27T18:23,2022-06-27,,,,,185.1,,
179,4828,2275,2022,26,2022-06-28T17:18,2022-06-28,,,,,184.8,,
180,6568,3383,2022,26,2022-06-29T16:13,2022-06-29,,,,,184.5,,
181,4906,1815,2022,26,2022-06-30T07:10,2022-06-30,,,,,184.5,,
182,4854,1787,2022,26,2022-07-01T07:24,2022-07-01,37146,37.15,17165,286.08,185.2,-3.6,183.2
183,8202,2982,2022,27,2022-07-02T07:06,2022-07-02,,,,,183.2,,
184,9667,3991,2022,27,2022-07-03T07:22,2022-07-03,,,,,182.1,,
185,6480,2299,2022,27,2022-07-04T06:59,2022-07-04,,,,,183.9,,
186,5940,2422,2022,27,2022-07-05T07:12,2022-07-05,,,,,183.7,,
187,9678,3937,2022,27,2022-07-06T07:12,2022-07-06,,,,,182.4,,
188,9675,3930,2022,27,2022-07-07T06:50,2022-07-07,,,,,183.1,,
189,9674,3711,2022,27,2022-07-08T06:48,2022-07-08,59316,59.32,23272,387.87,184.0,0.7,183.9
190,11281,4427,2022,28,2022-07-09T06:08,2022-07-09,,,,,183.9,,
191,12882,5437,2022,28,2022-07-10T06:41,2022-07-10,,,,,181.9,,
192,9682,3809,2022,28,2022-07-11T06:21,2022-07-11,,,,,182.1,,
193,8822,4181,2022,28,2022-07-12T07:49,2022-07-12,,,,,182.6,,
194,8167,3207,2022,28,2022-07-13T07:21,2022-07-13,,,,,182.8,,
195,8909,3963,2022,28,2022-07-14T07:20,2022-07-14,,,,,184.4,,
196,3687,1283,2022,28,2022-07-15T22:04,2022-07-15,63430,63.43,26307,438.45,184.7,1.0,184.9
197,5365,1784,2022,29,2022-07-16T11:00,2022-07-16,,,,,184.9,,
198,22027,7906,2022,29,2022-07-17T10:15,2022-07-17,,,,,185.2,,
199,3250,1058,2022,29,2022-07-18T10:14,2022-07-18,,,,,185.4,,
200,2725,1231,2022,29,2022-07-19T21:15,2022-07-19,,,,,185.7,,
201,7079,3120,2022,29,2022-07-20T17:06,2022-07-20,,,,,185.9,,
202,8074,2749,2022,29,2022-07-21T07:08,2022-07-21,,,,,186.2,,
203,6468,2161,2022,29,2022-07-22T07:04,2022-07-22,54988,54.99,20009,333.48,185.8,0.1,185.0
204,8085,2672,2022,30,2022-07-23T06:01,2022-07-23,,,,,185.0,,
205,6903,3056,2022,30,2022-07-24T15:29,2022-07-24,,,,,185.5,,
206,2850,1320,2022,30,2022-07-25T06:38,2022-07-25,,,,,186.0,,
207,4100,1514,2022,30,2022-07-26T06:34,2022-07-26,,,,,186.4,,
208,5539,2620,2022,30,2022-07-27T17:40,2022-07-27,,,,,186.9,,
209,8085,2783,2022,30,2022-07-28T05:41,2022-07-28,,,,,187.4,,
210,4855,1697,2022,30,2022-07-29T07:09,2022-07-29,40417,40.42,15662,261.03,186.5,1.5,186.5
211,5947,2615,2022,31,2022-07-30T17:27,2022-07-30,,,,,186.5,,
212,6312,2833,2022,31,2022-07-31T17:32,2022-07-31,,,,,186.4,,
213,5375,2294,2022,31,2022-08-01T17:54,2022-08-01,,,,,186.6,,
214,6581,2353,2022,31,2022-08-02T06:32,2022-08-02,,,,,186.7,,
215,8523,3463,2022,31,2022-08-03T07:01,2022-08-03,,,,,185.2,,
216,8100,2900,2022,31,2022-08-04T05:41,2022-08-04,,,,,185.0,,
217,3868,1795,2022,31,2022-08-05T17:35,2022-08-05,44706,44.71,18253,304.22,184.6,-4.6,181.9
218,11290,4279,2022,32,2022-08-06T06:06,2022-08-06,,,,,181.9,,
219,3854,1460,2022,32,2022-08-07T06:50,2022-08-07,,,,,182.9,,
220,2544,1024,2022,32,2022-08-08T18:20,2022-08-08,,,,,183.9,,
221,8076,2976,2022,32,2022-08-09T05:40,2022-08-09,,,,,184.9,,
222,8502,3617,2022,32,2022-08-10T06:59,2022-08-10,,,,,185.9,,
223,9703,3483,2022,32,2022-08-11T05:49,2022-08-11,,,,,184.6,,
224,5344,2190,2022,32,2022-08-12T17:53,2022-08-12,49313,49.31,19029,317.15,184.3,2.0,183.9
225,3463,1367,2022,33,2022-08-13T19:16,2022-08-13,,,,,183.9,,
226,6319,2922,2022,33,2022-08-14T12:26,2022-08-14,,,,,185.0,,
227,8350,4035,2022,33,2022-08-15T16:42,2022-08-15,,,,,186.0,,
228,8921,4059,2022,33,2022-08-16T16:12,2022-08-16,,,,,186.6,,
229,10588,4560,2022,33,2022-08-17T16:47,2022-08-17,,,,,186.2,,
230,8833,3764,2022,33,2022-08-18T15:27,2022-08-18,,,,,184.9,,
231,4234,1842,2022,33,2022-08-19T17:14,2022-08-19,50708,50.71,22549,375.82,184.7,-1.9,182.0
232,5178,1994,2022,34,2022-08-20T07:10,2022-08-20,,,,,182.0,,
233,1632,612,2022,34,2022-08-21T08:45,2022-08-21,,,,,183.1,,
234,5000,2014,2022,34,2022-08-22T21:33,2022-08-22,,,,,184.2,,
235,1772,752,2022,34,2022-08-23T22:39,2022-08-23,,,,,185.2,,
236,2830,1032,2022,34,2022-08-24T11:01,2022-08-24,,,,,186.3,,
237,2412,978,2022,34,2022-08-25T23:54,2022-08-25,,,,,187.4,,
238,1645,541,2022,34,2022-08-26T09:23,2022-08-26,20469,20.47,7923,132.05,188.5,7.5,189.5
239,5291,2261,2022,35,2022-08-27T08:45,2022-08-27,,,,,189.5,,
240,6323,2507,2022,35,2022-08-28T17:49,2022-08-28,,,,,190.6,,
241,4755,1721,2022,35,2022-08-29T07:00,2022-08-29,,,,,189.3,,
242,5266,2057,2022,35,2022-08-30T07:13,2022-08-30,,,,,188.6,,
243,6509,2476,2022,35,2022-08-31T07:26,2022-08-31,,,,,187.5,,
244,6678,2487,2022,35,2022-09-01T06:00,2022-09-01,,,,,186.7,,
245,6467,2418,2022,35,2022-09-02T06:32,2022-09-02,41289,41.29,15927,265.45,187.2,-2.8,186.7
246,12218,4710,2022,36,2022-09-03T06:09,2022-09-03,,,,,186.7,,
247,10838,4688,2022,36,2022-09-04T06:55,2022-09-04,,,,,186.1,,
248,11030,4700,2022,36,2022-09-05T06:38,2022-09-05,,,,,185.5,,
249,6479,2371,2022,36,2022-09-06T06:22,2022-09-06,,,,,185.6,,
250,5000,1993,2022,36,2022-09-07T06:28,2022-09-07,,,,,187.5,,
251,6469,2411,2022,36,2022-09-08T06:08,2022-09-08,,,,,188.2,,
252,3035,1347,2022,36,2022-09-09T08:02,2022-09-09,55069,55.07,22220,370.33,188.9,0.8,187.5
253,5620,1811,2022,37,2022-09-10T06:45,2022-09-10,,,,,187.5,,
254,5670,2662,2022,37,2022-09-11T16:07,2022-09-11,,,,,188.6,,
255,8082,2975,2022,37,2022-09-12T06:48,2022-09-12,,,,,187.2,,
256,8069,3117,2022,37,2022-09-13T05:54,2022-09-13,,,,,186.7,,
257,8053,3090,2022,37,2022-09-14T07:12,2022-09-14,,,,,186.4,,
258,8074,3010,2022,37,2022-09-15T06:35,2022-09-15,,,,,188.4,,
259,6448,2340,2022,37,2022-09-16T06:50,2022-09-16,50016,50.02,19005,316.75,186.2,1.0,188.5
260,1802,878,2022,38,2022-09-17T06:32,2022-09-17,,,,,188.5,,
261,1661,673,2022,38,2022-09-18T07:47,2022-09-18,,,,,190.8,,
262,6387,3324,2022,38,2022-09-19T17:28,2022-09-19,,,,,193.1,,
263,8358,3187,2022,38,2022-09-20T05:57,2022-09-20,,,,,190.4,,
264,5633,2897,2022,38,2022-09-21T17:19,2022-09-21,,,,,189.5,,
265,8796,3239,2022,38,2022-09-22T05:57,2022-09-22,,,,,188.6,,
266,5363,2537,2022,38,2022-09-23T14:38,2022-09-23,38000,38.00,16735,278.92,187.8,-3.4,185.1
267,11736,4684,2022,39,2022-09-24T06:06,2022-09-24,,,,,185.1,,
268,4845,1745,2022,39,2022-09-25T07:42,2022-09-25,,,,,186.4,,
269,4853,2092,2022,39,2022-09-26T19:36,2022-09-26,,,,,187.8,,
270,4913,2384,2022,39,2022-09-27T19:05,2022-09-27,,,,,189.1,,
271,6000,3714,2022,39,2022-09-28T11:30,2022-09-28,,,,,188.6,,
272,5340,2062,2022,39,2022-09-29T18:14,2022-09-29,,,,,188.2,,
273,4839,2040,2022,39,2022-09-30T08:33,2022-09-30,42526,42.53,18721,312.02,187.7,2.1,187.2
274,4927,1927,2022,40,2022-10-01T10:01,2022-10-01,,,,,187.2,,
275,6694,2882,2022,40,2022-10-02T07:52,2022-10-02,,,,,186.3,,
276,8076,3063,2022,40,2022-10-03T08:08,2022-10-03,,,,,185.2,,
277,6457,2321,2022,40,2022-10-04T08:32,2022-10-04,,,,,185.0,,
278,8089,2921,2022,40,2022-10-05T08:32,2022-10-05,,,,,185.2,,
279,8093,2893,2022,40,2022-10-06T08:05,2022-10-06,,,,,184.7,,
280,9698,3513,2022,40,2022-10-07T08:32,2022-10-07,52034,52.03,19520,325.33,183.9,-2.3,184.9
281,10026,3579,2022,41,2022-10-08T07:21,2022-10-08,,,,,184.9,,
282,4852,1764,2022,41,2022-10-09T08:27,2022-10-09,,,,,185.9,,
283,6687,3210,2022,41,2022-10-10T17:53,2022-10-10,,,,,185.8,,
284,6329,3075,2022,41,2022-10-11T08:25,2022-10-11,,,,,185.7,,
285,4472,1933,2022,41,2022-10-12T10:23,2022-10-12,,,,,185.5,,
286,6634,2687,2022,41,2022-10-13T06:36,2022-10-13,,,,,185.4,,
287,6693,2384,2022,41,2022-10-14T09:07,2022-10-14,45693,45.69,18632,310.53,184.9,0.8,185.7
288,4876,1721,2022,42,2022-10-15T09:35,2022-10-15,,,,,185.7,,
289,5000,1759,2022,42,2022-10-16T10:02,2022-10-16,,,,,186.5,,
290,2514,954,2022,42,2022-10-17T09:30,2022-10-17,,,,,187.2,,
291,6666,2795,2022,42,2022-10-18T16:57,2022-10-18,,,,,188.0,,
292,6492,2297,2022,42,2022-10-19T17:18,2022-10-19,,,,,187.1,,
293,4945,1743,2022,42,2022-10-20T06:20,2022-10-20,,,,,186.8,,
294,8600,3889,2022,42,2022-10-21T16:51,2022-10-21,39093,39.09,15158,252.63,186.6,0.1,185.8
295,7313,2676,2022,43,2022-10-22T06:56,2022-10-22,,,,,185.8,,
296,8843,3371,2022,43,2022-10-23T07:38,2022-10-23,,,,,185.0,,
297,7509,3324,2022,43,2022-10-24T09:59,2022-10-24,,,,,184.7,,
298,5807,2214,2022,43,2022-10-25T06:00,2022-10-25,,,,,186.6,,
299,7329,2735,2022,43,2022-10-26T08:02,2022-10-26,,,,,186.7,,
300,7232,2833,2022,43,2022-10-27T08:16,2022-10-27,,,,,185.5,,
301,8259,4200,2022,43,2022-10-28T17:08,2022-10-28,52292,52.29,21353,355.88,184.1,-2.3,183.5
302,6208,3124,2022,44,2022-10-29T15:37,2022-10-29,,,,,183.5,,
303,9709,3588,2022,44,2022-10-30T07:39,2022-10-30,,,,,183.6,,
304,7135,2676,2022,44,2022-10-31T07:51,2022-10-31,,,,,182.9,,
305,7249,2795,2022,44,2022-11-01T07:56,2022-11-01,,,,,183.9,,
306,4000,1976,2022,44,2022-11-02T17:57,2022-11-02,,,,,183.9,,
307,5108,2013,2022,44,2022-11-03T08:14,2022-11-03,,,,,183.8,,
308,8062,2982,2022,44,2022-11-04T08:25,2022-11-04,47471,47.47,19154,319.23,183.3,-0.4,183.1
309,5835,2762,2022,45,2022-11-05T16:22,2022-11-05,,,,,183.1,,
310,5277,2503,2022,45,2022-11-06T17:12,2022-11-06,,,,,182.8,,
311,7072,2589,2022,45,2022-11-07T06:53,2022-11-07,,,,,182.8,,
312,5756,2179,2022,45,2022-11-08T05:54,2022-11-08,,,,,183.9,,
313,7314,3466,2022,45,2022-11-09T17:33,2022-11-09,,,,,184.4,,
314,8581,3856,2022,45,2022-11-10T15:00,2022-11-10,,,,,184.8,,
315,5376,2572,2022,45,2022-11-11T16:29,2022-11-11,45211,45.21,19927,332.12,184.9,0.7,183.8
316,5678,2157,2022,46,2022-11-12T07:42,2022-11-12,,,,,183.8,,
317,9780,3911,2022,46,2022-11-13T07:55,2022-11-13,,,,,182.2,,
318,8344,3069,2022,46,2022-11-14T07:00,2022-11-14,,,,,182.9,,
319,8437,3065,2022,46,2022-11-15T05:45,2022-11-15,,,,,182.3,,
320,9689,3603,2022,46,2022-11-16T07:21,2022-11-16,,,,,182.8,,
321,4776,2136,2022,46,2022-11-17T16:41,2022-11-17,,,,,183.4,,
322,4868,2099,2022,46,2022-11-18T16:30,2022-11-18,51572,51.57,20040,334.00,184.1,0.9,184.7
323,4117,2013,2022,47,2022-11-19T16:52,2022-11-19,,,,,184.7,,
324,3355,1427,2022,47,2022-11-20T14:43,2022-11-20,,,,,185.4,,
325,5290,2266,2022,47,2022-11-21T08:36,2022-11-21,,,,,186.0,,
326,4238,1881,2022,47,2022-11-22T13:33,2022-11-22,,,,,186.7,,
327,2168,1102,2022,47,2022-11-23T08:14,2022-11-23,,,,,187.3,,
328,5699,2819,2022,47,2022-11-24T05:03,2022-11-24,,,,,188.0,,
329,2703,1449,2022,47,2022-11-25T07:58,2022-11-25,27570,27.57,12957,215.95,188.6,4.5,189.3
330,3889,1945,2022,48,2022-11-26T10:39,2022-11-26,,,,,189.3,,
331,3686,3975,2022,48,2022-11-27T08:02,2022-11-27,,,,,189.9,,
332,4834,1962,2022,48,2022-11-28T16:48,2022-11-28,,,,,190.6,,
333,8118,3884,2022,48,2022-11-29T05:43,2022-11-29,,,,,191.2,,
334,8054,3157,2022,48,2022-11-30T16:45,2022-11-30,,,,,188.9,,
335,8085,2953,2022,48,2022-12-01T09:02,2022-12-01,,,,,186.7,,
336,8071,2867,2022,48,2022-12-02T09:02,2022-12-02,44737,44.74,20743,345.72,186.4,-1.4,187.9
337,5000,2172,2022,49,2022-12-03T15:19,2022-12-03,,,,,187.9,,
338,8062,2959,2022,49,2022-12-04T08:41,2022-12-04,,,,,187.1,,
339,8066,2966,2022,49,2022-12-05T10:10,2022-12-05,,,,,187.4,,
340,8072,2913,2022,49,2022-12-06T05:42,2022-12-06,,,,,187.9,,
341,8067,2979,2022,49,2022-12-07T07:55,2022-12-07,,,,,187.4,,
342,7550,2990,2022,49,2022-12-08T07:36,2022-12-08,,,,,188.1,,
343,7190,3465,2022,49,2022-12-09T07:44,2022-12-09,52007,52.01,20444,340.73,187.0,-1.0,186.9
344,8071,3081,2022,50,2022-12-10T07:06,2022-12-10,,,,,186.9,,
345,10459,3949,2022,50,2022-12-11T10:02,2022-12-11,,,,,187.7,,
346,8120,3149,2022,50,2022-12-12T12:32,2022-12-12,,,,,185.9,,
347,8091,3057,2022,50,2022-12-13T17:50,2022-12-13,,,,,184.8,,
348,8079,2974,2022,50,2022-12-14T17:09,2022-12-14,,,,,186.0,,
349,5662,2800,2022,50,2022-12-15T18:39,2022-12-15,,,,,186.5,,
350,8078,2959,2022,50,2022-12-16T13:18,2022-12-16,56560,56.56,21969,366.15,186.6,-0.3,186.6
351,8103,2996,2022,51,2022-12-17T16:35,2022-12-17,,,,,186.6,,
352,8086,3027,2022,51,2022-12-18T17:12,2022-12-18,,,,,187.4,,
353,9192,3450,2022,51,2022-12-19T16:48,2022-12-19,,,,,187.3,,
354,7825,4033,2022,51,2022-12-20T15:51,2022-12-20,,,,,187.2,,
355,8067,2975,2022,51,2022-12-21T17:02,2022-12-21,,,,,187.0,,
356,9662,3805,2022,51,2022-12-22T11:11,2022-12-22,,,,,184.3,,
357,9717,3631,2022,51,2022-12-23T14:58,2022-12-23,60652,60.65,23917,398.62,183.9,-1.3,185.3
358,9785,4323,2022,52,2022-12-24T16:15,2022-12-24,,,,,185.3,,
359,4770,2114,2022,52,2022-12-25T09:33,2022-12-25,,,,,186.2,,
360,1299,868,2022,52,2022-12-26T20:19,2022-12-26,,,,,186.2,,
361,9684,4457,2022,52,2022-12-27T14:25,2022-12-27,,,,,186.2,,
362,5247,2274,2022,52,2022-12-28T05:09,2022-12-28,,,,,186.2,,
363,4840,1929,2022,52,2022-12-29T04:37,2022-12-29,,,,,186.2,,
364,2728,1245,2022,52,2022-12-30T06:09,2022-12-30,38353,38.35,17210,286.83,186.2,0.9,186.2
365,4651,2188,2022,53,2022-12-31T17:54,2022-12-31,,,,,186.2,,